metric,bin_log2_lo,count,ccdf
tc,0,250000,0.44734771
tc,1,62500,0.30918464
tc,2,50781,0.1969277
tc,3,38543,0.11172419
tc,4,28047,0.049723232
tc,5,20327,0.0047881794
tc,6,2166,0
h,0,1,0.999998
h,1,0,0.999998
h,2,0,0.999998
h,3,0,0.999998
h,4,0,0.999998
h,5,0,0.999998
h,6,0,0.999998
h,7,0,0.999998
h,8,0,0.999998
h,9,0,0.999998
h,10,0,0.999998
h,11,0,0.999998
h,12,0,0.999998
h,13,0,0.999998
h,14,0,0.999998
h,15,0,0.999998
h,16,0,0.999998
h,17,0,0.999998
h,18,0,0.999998
h,19,0,0.999998
h,20,0,0.999998
h,21,0,0.999998
h,22,0,0.999998
h,23,0,0.999998
h,24,0,0.999998
h,25,0,0.999998
h,26,0,0.999998
h,27,0,0.999998
h,28,0,0.999998
h,29,0,0.999998
h,30,0,0.999998
h,31,0,0.999998
h,32,0,0.999998
h,33,0,0.999998
h,34,0,0.999998
h,35,0,0.999998
h,36,0,0.999998
h,37,0,0.999998
h,38,0,0.999998
h,39,0,0.999998
h,40,0,0.999998
h,41,0,0.999998
h,42,0,0.999998
h,43,0,0.999998
h,44,0,0.999998
h,45,0,0.999998
h,46,0,0.999998
h,47,0,0.999998
h,48,0,0.999998
h,49,0,0.999998
h,50,0,0.999998
h,51,0,0.999998
h,52,0,0.999998
h,53,0,0.999998
h,54,0,0.999998
h,55,0,0.999998
h,56,0,0.999998
h,57,0,0.999998
h,58,0,0.999998
h,59,0,0.999998
h,60,0,0.999998
h,61,0,0.999998
h,62,0,0.999998
h,63,0,0.999998
h,64,0,0.999998
h,65,0,0.999998
h,66,0,0.999998
h,67,0,0.999998
h,68,0,0.999998
h,69,0,0.999998
h,70,0,0.999998
h,71,0,0.999998
h,72,0,0.999998
h,73,0,0.999998
h,74,0,0.999998
h,75,0,0.999998
h,76,0,0.999998
h,77,0,0.999998
h,78,0,0.999998
h,79,0,0.999998
h,80,0,0.999998
h,81,107045,0.785908
h,82,141909,0.50209
h,83,135804,0.230482
h,84,57060,0.116362
h,85,26372,0.063618
h,86,17340,0.028938
h,87,7541,0.013856
h,88,3063,0.00773
h,89,2028,0.003674
h,90,959,0.001756
h,91,378,0.001
h,92,286,0.000428
h,93,110,0.000208
h,94,43,0.000122
h,95,30,6.2e-05
h,96,17,2.8e-05
h,97,8,1.2e-05
h,98,3,6e-06
h,99,2,2e-06
h,100,1,0
