{
 "lambda": {
  "12": 1.8064236,
  "13": 1.8188238,
  "14": 1.8307724,
  "15": 1.8419684,
  "16": 1.8522348,
  "17": 1.8616888,
  "18": 1.870325,
  "19": 1.8783132
 },
 "oscillation": {
  "12": {
   "d1": {
    "mean": 0.09461103268897184,
    "median": 0.08332284744249775,
    "p90": 0.17352231404824234,
    "p99": 0.2735961709326964,
    "max": 0.6083360466783647,
    "min": 0.0010037761130865456
   },
   "d2": {
    "mean": 0.2280129064946746,
    "median": 0.2030312984682757,
    "p90": 0.3753442603947218,
    "p99": 0.5700741074374253,
    "max": 0.9695216737470332,
    "min": 0.039374975525160213
   },
   "d3": {
    "mean": 0.4329662415415871,
    "median": 0.3884036291909326,
    "p90": 0.6894594003017851,
    "p99": 1.0071706645636416,
    "max": 1.3709175207530253,
    "min": 0.12653297765379493
   }
  },
  "13": {
   "d1": {
    "mean": 0.0859189252370228,
    "median": 0.07530200511225921,
    "p90": 0.15737704908053332,
    "p99": 0.25719396258437993,
    "max": 0.5984907760891823,
    "min": 0.00036225083680109066
   },
   "d2": {
    "mean": 0.20586467864877353,
    "median": 0.18180818910150529,
    "p90": 0.34088413786626853,
    "p99": 0.540694067152046,
    "max": 0.9818782276952012,
    "min": 0.03612926686030113
   },
   "d3": {
    "mean": 0.38713509999062756,
    "median": 0.3439903353222308,
    "p90": 0.630015293027058,
    "p99": 0.9636129690071572,
    "max": 1.3882795080388175,
    "min": 0.10606109828689254
   }
  },
  "14": {
   "d1": {
    "mean": 0.07799302944423447,
    "median": 0.06777938422991071,
    "p90": 0.14357375533631797,
    "p99": 0.24232842691688192,
    "max": 0.590750819023811,
    "min": 4.645541191908143e-05
   },
   "d2": {
    "mean": 0.18560496368403015,
    "median": 0.16208262804602325,
    "p90": 0.31016022925945436,
    "p99": 0.5115875394022532,
    "max": 1.0046293950258884,
    "min": 0.02174130155508192
   },
   "d3": {
    "mean": 0.3462827232970577,
    "median": 0.30246184835906603,
    "p90": 0.5704083161385036,
    "p99": 0.9097235702570645,
    "max": 1.4154808782176567,
    "min": 0.08200623596464181
   }
  },
  "15": {
   "d1": {
    "mean": 0.07072153243686728,
    "median": 0.060962551215305597,
    "p90": 0.13064054745354653,
    "p99": 0.22896063837648956,
    "max": 0.5942883951727561,
    "min": 3.1196552672940023e-05
   },
   "d2": {
    "mean": 0.16723023966338857,
    "median": 0.144719990406258,
    "p90": 0.28181913153654004,
    "p99": 0.4846725220837028,
    "max": 1.0061940614881661,
    "min": 0.012439444633241184
   },
   "d3": {
    "mean": 0.30957832969686216,
    "median": 0.26718153265251976,
    "p90": 0.5154294214526576,
    "p99": 0.8627424659560731,
    "max": 1.414128780908664,
    "min": 0.06300728317914325
   }
  },
  "16": {
   "d1": {
    "mean": 0.06434959856639436,
    "median": 0.054905966543324615,
    "p90": 0.11933791245859787,
    "p99": 0.21561641365169024,
    "max": 0.6066391828956715,
    "min": 1.1439830702959948e-05
   },
   "d2": {
    "mean": 0.15135081663925642,
    "median": 0.12996587511541532,
    "p90": 0.2564584969358251,
    "p99": 0.45649241312436406,
    "max": 1.017198297221128,
    "min": 0.014196366759636732
   },
   "d3": {
    "mean": 0.2790211217269448,
    "median": 0.23820598138517174,
    "p90": 0.469517631111574,
    "p99": 0.8190905344683943,
    "max": 1.4315448379131677,
    "min": 0.05497717836523289
   }
  },
  "17": {
   "d1": {
    "mean": 0.05881614238522171,
    "median": 0.04977106725631593,
    "p90": 0.10946917923196477,
    "p99": 0.20332037849903367,
    "max": 0.6138622228198687,
    "min": 5.537698232564463e-06
   },
   "d2": {
    "mean": 0.13787319160976594,
    "median": 0.11734251314221983,
    "p90": 0.23492869554899024,
    "p99": 0.4319062052235654,
    "max": 1.029983612945899,
    "min": 0.01094169990111173
   },
   "d3": {
    "mean": 0.2529676446192666,
    "median": 0.21357420125685803,
    "p90": 0.4298685063940783,
    "p99": 0.7759734465370705,
    "max": 1.4475182022735233,
    "min": 0.039695617760976326
   }
  },
  "18": {
   "d1": {
    "mean": 0.05387141837660581,
    "median": 0.045232488279637134,
    "p90": 0.10054331303434225,
    "p99": 0.1915556043958586,
    "max": 0.6150225078954648,
    "min": 1.020591042188701e-05
   },
   "d2": {
    "mean": 0.12582452797989188,
    "median": 0.1062574554735685,
    "p90": 0.2153987948405783,
    "p99": 0.40847029478573776,
    "max": 1.0360674873442832,
    "min": 0.007982472306915624
   },
   "d3": {
    "mean": 0.23002440509193714,
    "median": 0.19223705577913108,
    "p90": 0.3937238357041613,
    "p99": 0.7358146323136185,
    "max": 1.4628174511994763,
    "min": 0.03664203306888739
   }
  },
  "19": {
   "d1": {
    "mean": 0.04942066457811258,
    "median": 0.041190317822904,
    "p90": 0.09250505532564814,
    "p99": 0.1803621973933581,
    "max": 0.6235392559235086,
    "min": 3.3803576941060387e-06
   },
   "d2": {
    "mean": 0.1149593262796845,
    "median": 0.09645126956737533,
    "p90": 0.19744768702169557,
    "p99": 0.38388189013703955,
    "max": 1.0367833800258304,
    "min": 0.004986617308944762
   },
   "d3": {
    "mean": 0.20928047660721946,
    "median": 0.17338894422495799,
    "p90": 0.3599321885905715,
    "p99": 0.6937115852233813,
    "max": 1.460816005292357,
    "min": 0.030999333679594353
   }
  }
 },
 "cross_level": {
  "12->13": {
   "mean": {
    "rel_l2": 0.045930352833803194,
    "rel_linf": 0.16779732181448093,
    "corr": 0.9982880950945897
   },
   "min": {
    "rel_l2": 0.01741917798483918,
    "rel_linf": 0.17596424826138624,
    "corr": 0.9997350633456227
   },
   "canon": {
    "rel_l2": 0.08275865438410686,
    "rel_linf": 0.29607536573884574,
    "corr": 0.9935096432610248
   }
  },
  "13->14": {
   "mean": {
    "rel_l2": 0.044772051690476634,
    "rel_linf": 0.1651108078614063,
    "corr": 0.9984605521829528
   },
   "min": {
    "rel_l2": 0.016026476695755465,
    "rel_linf": 0.17545726638823644,
    "corr": 0.9997981900673201
   },
   "canon": {
    "rel_l2": 0.08135547794886212,
    "rel_linf": 0.2689071104827312,
    "corr": 0.9940556866703195
   }
  },
  "14->15": {
   "mean": {
    "rel_l2": 0.042814382125111634,
    "rel_linf": 0.15587407575760048,
    "corr": 0.9986504180378641
   },
   "min": {
    "rel_l2": 0.014406393677712697,
    "rel_linf": 0.16596264753760837,
    "corr": 0.9998469308263731
   },
   "canon": {
    "rel_l2": 0.07562160431239652,
    "rel_linf": 0.2875893901196559,
    "corr": 0.9950698955663998
   }
  },
  "15->16": {
   "mean": {
    "rel_l2": 0.041899042233026075,
    "rel_linf": 0.15971735099704099,
    "corr": 0.9987436814058932
   },
   "min": {
    "rel_l2": 0.013386935671863847,
    "rel_linf": 0.15931447278655186,
    "corr": 0.9998744352230405
   },
   "canon": {
    "rel_l2": 0.07404113226332312,
    "rel_linf": 0.2670439613510208,
    "corr": 0.9954440210433164
   }
  },
  "16->17": {
   "mean": {
    "rel_l2": 0.04089256585433465,
    "rel_linf": 0.1682635694467226,
    "corr": 0.998834563560129
   },
   "min": {
    "rel_l2": 0.012546298772051854,
    "rel_linf": 0.16907602209632178,
    "corr": 0.9998945002907657
   },
   "canon": {
    "rel_l2": 0.07048732008209807,
    "rel_linf": 0.27778084447015194,
    "corr": 0.9960110144099416
   }
  },
  "17->18": {
   "mean": {
    "rel_l2": 0.039061492526079065,
    "rel_linf": 0.1689190549273576,
    "corr": 0.9989612005255747
   },
   "min": {
    "rel_l2": 0.011263335719413327,
    "rel_linf": 0.16941988417799936,
    "corr": 0.9999168995403056
   },
   "canon": {
    "rel_l2": 0.06836287617717808,
    "rel_linf": 0.2712571054989852,
    "corr": 0.9963512099515549
   }
  },
  "18->19": {
   "mean": {
    "rel_l2": 0.037866785205418266,
    "rel_linf": 0.17273516066338623,
    "corr": 0.9990450020207576
   },
   "min": {
    "rel_l2": 0.010457394875364479,
    "rel_linf": 0.1733465052516343,
    "corr": 0.9999304648990031
   },
   "canon": {
    "rel_l2": 0.0653274174754834,