{
 "tails": {
  "12": {
   "0.05": {
    "haar": 0.7650425917458382,
    "count": 45175,
    "mass": 0.8139377264454314
   },
   "0.1": {
    "haar": 0.3880506020423716,
    "count": 22914,
    "mass": 0.49576902934990474
   },
   "0.2": {
    "haar": 0.056292231875222275,
    "count": 3324,
    "mass": 0.1263950774127794
   },
   "0.3": {
    "haar": 0.00472488949855205,
    "count": 279,
    "mass": 0.022472076901195317
   },
   "0.4": {
    "haar": 6.774035123372114e-05,
    "count": 4,
    "mass": 0.000740894308138913
   }
  },
  "13": {
   "0.05": {
    "haar": 0.7249064336398584,
    "count": 128415,
    "mass": 0.7842041412025189
   },
   "0.1": {
    "haar": 0.32230294614077576,
    "count": 57095,
    "mass": 0.4372667719136789
   },
   "0.2": {
    "haar": 0.03905231248624024,
    "count": 6918,
    "mass": 0.09748922536944206
   },
   "0.3": {
    "haar": 0.002895900015241579,
    "count": 513,
    "mass": 0.015170231961088883
   },
   "0.4": {
    "haar": 2.822514634738381e-05,
    "count": 5,
    "mass": 0.0005312336432574503
   }
  },
  "14": {
   "0.05": {
    "haar": 0.6742422959463045,
    "count": 358320,
    "mass": 0.7459529934168214
   },
   "0.1": {
    "haar": 0.2608925543945612,
    "count": 138649,
    "mass": 0.37670745935730887
   },
   "0.2": {
    "haar": 0.02752892607081501,
    "count": 14630,
    "mass": 0.07583110087574885
   },
   "0.3": {
    "haar": 0.0020039853906642507,
    "count": 1065,
    "mass": 0.011968508789174862
   },
   "0.4": {
    "haar": 7.526705692635683e-06,
    "count": 4,
    "mass": 0.00019016895033659167
   }
  },
  "15": {
   "0.05": {
    "haar": 0.6164999187743011,
    "count": 982900,
    "mass": 0.7019295985218731
   },
   "0.1": {
    "haar": 0.20603415995378602,
    "count": 328485,
    "mass": 0.3205161328790581
   },
   "0.2": {
    "haar": 0.019884929214469087,
    "count": 31703,
    "mass": 0.05971672662239264
   },
   "0.3": {
    "haar": 0.0013980855824070782,
    "count": 2229,
    "mass": 0.00891084254343992
   },
   "0.4": {
    "haar": 2.5089018975452277e-06,
    "count": 4,
    "mass": 8.887173550436161e-05
   }
  },
  "16": {
   "0.05": {
    "haar": 0.5566841432591346,
    "count": 2662603,
    "mass": 0.6552221695761057
   },
   "0.1": {
    "haar": 0.1626046499569619,
    "count": 777733,
    "mass": 0.27191031043719827
   },
   "0.2": {
    "haar": 0.014496853314332583,
    "count": 69338,
    "mass": 0.04709806907149377
   },
   "0.3": {
    "haar": 0.0010184050952452336,
    "count": 4871,
    "mass": 0.006982717068087537
   },
   "0.4": {
    "haar": 1.6726012650301517e-06,
    "count": 8,
    "mass": 6.922452546143196e-05
   }
  },
  "17": {
   "0.05": {
    "haar": 0.49720205169634174,
    "count": 7134306,
    "mass": 0.6069182669078976
   },
   "0.1": {
    "haar": 0.128494734825447,
    "count": 1843759,
    "mass": 0.23058829490040306
   },
   "0.2": {
    "haar": 0.010825772304468904,
    "count": 155338,
    "mass": 0.03790010828071512
   },
   "0.3": {
    "haar": 0.0007283481592012548,
    "count": 10451,
    "mass": 0.005454289120658321
   },
   "0.4": {
    "haar": 5.575337550100506e-07,
    "count": 8,
    "mass": 3.53257705290234e-05
   }
  },
  "18": {
   "0.05": {
    "haar": 0.43861384935684183,
    "count": 18880888,
    "mass": 0.5579376594095813
   },
   "0.1": {
    "haar": 0.10152657155930646,
    "count": 4370386,
    "mass": 0.1951403861978976
   },
   "0.2": {
    "haar": 0.008166545368229092,
    "count": 351543,
    "mass": 0.030621597137804758
   },
   "0.3": {
    "haar": 0.0005631090925601511,
    "count": 24240,
    "mass": 0.004390866906134418
   },
   "0.4": {
    "haar": 2.0907515812876897e-07,
    "count": 9,
    "mass": 1.7715821630924042e-05
   }
  },
  "19": {
   "0.05": {
    "haar": 0.38243160650184405,
    "count": 49387280,
    "mass": 0.508548715540106
   },
   "0.1": {
    "haar": 0.08022631967717123,
    "count": 10360440,
    "mass": 0.1649432738192518
   },
   "0.2": {
    "haar": 0.006213357497465757,
    "count": 802394,
    "mass": 0.024816668275314105
   },
   "0.3": {
    "haar": 0.00042695470347207167,
    "count": 55137,
    "mass": 0.003612393200760401
   },
   "0.4": {
    "haar": 6.969171937625632e-08,
    "count": 9,
    "mass": 8.083080362272657e-06
   }
  }
 },
 "persistence": {
  "13": {
   "0.05": {
    "base": 0.7249064336398584,
    "cond": 0.7536764434606161,
    "enrich": 1.039687894169044
   },
   "0.1": {
    "base": 0.32230294614077576,
    "cond": 0.4817142358383521,
    "enrich": 1.4946007835372022
   },
   "0.2": {
    "base": 0.03905231248624024,
    "cond": 0.2823906939430405,
    "enrich": 7.231087635144232
   },
   "0.3": {
    "base": 0.002895900015241579,
    "cond": 0.20430107526881722,
    "enrich": 70.54838709677419
   },
   "0.4": {
    "base": 2.822514634738381e-05,
    "cond": 0.16666666666666666,
    "enrich": 5904.9
   }
  },
  "14": {
   "0.05": {
    "base": 0.6742422959463045,
    "cond": 0.709426468870459,
    "enrich": 1.0521832776372673
   },
   "0.1": {
    "base": 0.2608925543945612,
    "cond": 0.44050559009837403,
    "enrich": 1.688455966559225
   },
   "0.2": {
    "base": 0.02752892607081501,
    "cond": 0.2816324563939481,
    "enrich": 10.230419293127559
   },
   "0.3": {
    "base": 0.0020039853906642507,
    "cond": 0.21312540610786224,
    "enrich": 106.35077835433653
   },
   "0.4": {
    "base": 7.526705692635683e-06,
    "cond": 0.2,
    "enrich": 26572.05
   }
  },
  "15": {
   "0.05": {
    "base": 0.6164999187743011,
    "cond": 0.664791248046439,
    "enrich": 1.0783314446628778
   },
   "0.1": {
    "base": 0.20603415995378602,
    "cond": 0.41103794473815175,
    "enrich": 1.9949990080787992
   },
   "0.2": {
    "base": 0.019884929214469087,
    "cond": 0.2932330827067669,
    "enrich": 14.746498694770235
   },
   "0.3": {
    "base": 0.0013980855824070782,
    "cond": 0.2112676056338028,
    "enrich": 151.11206945576555
   },
   "0.4": {
    "base": 2.5089018975452277e-06,
    "cond": 0.25,
    "enrich": 99645.1875
   }
  },
  "16": {
   "0.05": {
    "base": 0.5566841432591346,
    "cond": 0.6219856207820396,
    "enrich": 1.1173043606749677
   },
   "0.1": {
    "base": 0.1626046499569619,
    "cond": 0.3918474207345845,
    "enrich": 2.4098168215871962
   },
   "0.2": {
    "base": 0.014496853314332583,
    "cond": 0.2925906065672018,
    "enrich": 20.183042500535386
   },
   "0.3": {
    "base": 0.0010184050952452336,
    "cond": 0.212053237625243,
    "enrich": 208.22091190949928
   },
   "0.4": {
    "base": 1.6726012650301517e-06,
    "cond": 0.25,
    "enrich": 149467.78125
   }
  },
  "17": {
   "0.05": {
    "base": 0.49720205169634174,
    "cond": 0.582936822850922,
    "enrich": 1.172434467762296
   },
   "0.1": {
    "base": 0.128494734825447,
    "cond": 0.379631998813646,
    "enrich": 2.9544556773423842
   },
   "0.2": {
    "base": 0.010825772304468904,
    "cond": 0.2944080686876845,
    "enrich": 27.195110003020492
   },
   "0.3": {
    "base": 0.0007283481592012548,
    "cond": 0.2096763156093889,
    "enrich": 287.8792414871084
   },
   "0.4": {
    "base": 5.575337550100506e-07,
    "cond": 0.125,
    "enrich": 224201.671875
   }
  },
  "18": {
   "0.05": {
    "base": 0.43861384935684183,
    "cond": 0.546962334762017,
    "enrich": 1.2470247703396762
   },
   "0.1": {
    "base": 0.10152657155930646,
    "cond": 0.37145888734192845,
    "enrich": 3.6587356554726345
   },
   "0.2": {
    "base": 0.008166545368229092,
    "cond": 0.29978713085872954,
    "enrich": 36.70917350499433
   },
   "0.3": {
    "base": 0.0005631090925601511,
    "cond": 0.2131853411156827,
    "enrich": 378.5862170089366
   },
   "0.4": {
    "base": 2.0907515812876897e-07,
    "cond": 0.125,
    "enrich": 597871.125
   }
  },
  "19": {
   "0.05": {
    "base": 0.38243160650184405,
    "cond": 0.5152943018358035,
    "enrich": 1.3474155720267822
   },
   "0.1": {
    "base": 0.08022631967717123,
    "cond": 0.3655655739943032,