{
 "12": {
  "cm1": 0.7280769832637451,
  "fib": [
   1.3166620332017778,
   0.7041132100698627,
   1.0
  ],
  "fib2": [
   0.4951283160609936,
   1.3653421405710793,
   1.3166620332017778,
   0.5998694667810901,
   0.9281448435035845,
   0.7041132100698627,
   0.6484972243365624,
   1.0203751400941123,
   1.0
  ],
  "theta": 0.7041132100698627
 },
 "13": {
  "cm1": 0.7231111026124787,
  "fib": [
   0.7024054190251281,
   1.3017190050327507,
   1.0
  ],
  "fib2": [
   1.3677312545974893,
   0.5959734941840102,
   0.7024054190251281,
   1.0004007223517153,
   0.49267540236279134,
   1.3017190050327507,
   0.9147078446628404,
   0.6452416318001476,
   1.0
  ],
  "theta": 0.7024054190251281
 },
 "14": {
  "cm1": 0.7232435135805794,
  "fib": [
   1.2892555136020156,
   0.7005183868132402,
   1.0
  ],
  "fib2": [
   0.58826206396624,
   0.9895917829141889,
   1.2892555136020156,
   0.6420681273463296,
   1.3815217015318375,
   0.7005183868132402,
   0.49021306068218146,
   0.903382277602029,
   1.0
  ],
  "theta": 0.7005183868132402
 },
 "15": {
  "cm1": 0.7143243735388486,
  "fib": [
   0.6984935581547886,
   1.2906267231372495,
   1.0
  ],
  "fib2": [
   0.9895667826165794,
   0.6411959387644351,
   0.6984935581547886,
   0.9018208838472698,
   0.5900608497810407,
   1.2906267231372495,
   1.379698609876038,
   0.48764010852880535,
   1.0
  ],
  "theta": 0.6984935581547886
 },
 "16": {
  "cm1": 0.6981886407561559,
  "fib": [
   1.303184204778904,
   0.696590566144275,
   1.0
  ],
  "fib2": [
   0.6384257448298326,
   0.9079799438960747,
   1.303184204778904,
   0.4850186736509488,
   0.9918128033629363,
   0.696590566144275,
   0.584456293797864,
   1.3887697463369015,
   1.0
  ],
  "theta": 0.696590566144275
 },
 "17": {
  "cm1": 0.6934721282019691,
  "fib": [
   0.6947500118878294,
   1.3094772124925258,
   1.0
  ],
  "fib2": [
   0.9098985535331963,
   0.48254213903471344,
   0.6947500118878294,
   1.3991511887573693,
   0.634990293857176,
   1.3094772124925258,
   0.9944612081984112,
   0.5840621076488991,
   1.0
  ],
  "theta": 0.6947500118878294
 },
 "18": {
  "cm1": 0.690734287487942,
  "fib": [
   1.3083088047659288,
   0.6930149227900482,
   1.0
  ],
  "fib2": [
   0.4801785971246576,
   1.4009621139886697,
   1.3083088047659288,
   0.5806844910878045,
   0.906765183768109,
   0.6930149227900482,
   0.6353994756100345,
   0.9932499726053337,
   1.0
  ],
  "theta": 0.6930149227900482
 },
 "19": {
  "cm1": 0.6903557337138523,
  "fib": [
   0.6913946668296044,
   1.316594427370868,
   1.0
  ],
  "fib2": [
   1.4009689413505617,
   0.5832162943034757,
   0.6913946668296044,
   0.9970491029813964,
   0.4779648202430892,
   1.316594427370868,
   0.9103433521080263,
   0.6347853840767235,
   1.0
  ],
  "theta": 0.6913946668296044
 }
}