{
 "12": {
  "ev": 0.9398399623970909,
  "cw_lo": 0.9398399623969387,
  "cw_hi": 0.9398399623973416,
  "iters": 206
 },
 "13": {
  "ev": 0.9450493348985955,
  "cw_lo": 0.9450493348985376,
  "cw_hi": 0.9450493348986416,
  "iters": 213
 },
 "14": {
  "ev": 0.949976723355757,
  "cw_lo": 0.9499767233555966,
  "cw_hi": 0.9499767233563795,
  "iters": 199
 },
 "15": {
  "ev": 0.9545039441845138,
  "cw_lo": 0.9545039441825354,
  "cw_hi": 0.9545039441867552,
  "iters": 191
 },
 "16": {
  "ev": 0.9585192182990369,
  "cw_lo": 0.9585192182989202,
  "cw_hi": 0.9585192182991275,
  "iters": 215
 },
 "17": {
  "ev": 0.9620854685538434,
  "cw_lo": 0.9620854685536163,
  "cw_hi": 0.9620854685540547,
  "iters": 214
 }
}