{
 "18": {
  "ev": 0.9652431793240216,
  "cw_lo": 0.9652431793236832,
  "cw_hi": 0.9652431793243932,
  "iters": 216
 },
 "19": {
  "ev": 0.9680736789332197,
  "cw_lo": 0.9680736789331293,
  "cw_hi": 0.9680736789333116,
  "iters": 229
 }
}