{
 "12->13": {
  "D_raw": 0.00421616857218792,
  "D_std": 0.05204313655179654,
  "Dmax_raw": 1.1336785398098115,
  "S_raw": 0.003500818093484174,
  "S_std": 0.04201510391132681,
  "tv_raw": 0.045092493804580365,
  "tv_std": 0.01806973869159512,
  "tv_raw_branch": 0.045333348386744715,
  "tv_osc": 0.06795486234596125,
  "d_argmin": 0.03816785245259687,
  "top1000_overlap": 0.17,
  "top100_overlap": 0.07
 },
 "13->14": {
  "D_raw": 0.002084298044804157,
  "D_std": 0.02809061874580798,
  "Dmax_raw": 1.1315041157208807,
  "S_raw": 0.0019987174039556264,
  "S_std": 0.0265426850317726,
  "tv_raw": 0.0451376540387362,
  "tv_std": 0.011799250272452351,
  "tv_raw_branch": 0.045519007127163065,
  "tv_osc": 0.06723606195231456,
  "d_argmin": 0.019633968780044392,
  "top1000_overlap": 0.288,
  "top100_overlap": 0.26
 },
 "14->15": {
  "D_raw": 0.001113692947237249,
  "D_std": 0.01685251578300863,
  "Dmax_raw": 0.09734340939889785,
  "S_raw": 0.0009575135456579547,
  "S_std": 0.014126914201669725,
  "tv_raw": 0.04653824852304083,
  "tv_std": 0.009284108252181998,
  "tv_raw_branch": 0.04657504575087148,
  "tv_osc": 0.06694377488125054,
  "d_argmin": 0.012899139055239471,
  "top1000_overlap": 0.33,
  "top100_overlap": 0.46
 },
 "15->16": {
  "D_raw": 0.0005982350521550027,
  "D_std": 0.010070755281274029,
  "Dmax_raw": 1.020055337558788,
  "S_raw": 0.0005101415939321869,
  "S_std": 0.008368114256414321,
  "tv_raw": 0.04599911338194609,
  "tv_std": 0.006907289746137951,
  "tv_raw_branch": 0.04599960122398173,
  "tv_osc": 0.0653600305584251,
  "d_argmin": 0.007178357844774964,
  "top1000_overlap": 0.304,
  "top100_overlap": 0.34
 },
 "16->17": {
  "D_raw": 0.00035672975328552073,
  "D_std": 0.006749174072558607,
  "Dmax_raw": 0.033707616079425295,
  "S_raw": 0.0002825823119355818,
  "S_std": 0.005146659456629449,
  "tv_raw": 0.04352970345871409,
  "tv_std": 0.0049474930597924556,
  "tv_raw_branch": 0.043530028686737846,
  "tv_osc": 0.060631447398746124,
  "d_argmin": 0.004312346755098938,
  "top1000_overlap": 0.353,
  "top100_overlap": 0.33
 },
 "17->18": {
  "D_raw": 0.00023371084309575915,
  "D_std": 0.004763092837388625,
  "Dmax_raw": 0.013241009330851372,
  "S_raw": 0.00021569215414080471,
  "S_std": 0.0043336855332037,
  "tv_raw": 0.04129465130069566,
  "tv_std": 0.004381973813872982,
  "tv_raw_branch": 0.0412946977618419,
  "tv_osc": 0.0585983540999557,
  "d_argmin": 0.002623361597098993,
  "top1000_overlap": 0.446,
  "top100_overlap": 0.39
 },
 "18->19": {
  "D_raw": 9.564188430156743e-05,
  "D_std": 0.002154583442110492,
  "Dmax_raw": 0.0059217067432468795,
  "S_raw": 8.681701578104064e-05,
  "S_std": 0.0019193508710889141,
  "tv_raw": 0.03904548011656658,
  "tv_std": 0.0039032845701770145,
  "tv_raw_branch": 0.039045611756480955,
  "tv_osc": 0.05677738690789789,
  "d_argmin": 0.0014835259062668902,
  "top1000_overlap": 0.449,
  "top100_overlap": 0.36
 }
}